"longitude","latitude","start_date","end_date","label"
33.591398007963,2.53914848861861,"2017-01-01","2017-12-31","sorghum"
33.5914127572668,2.539208348927,"2017-01-01","2017-12-31","sorghum"
33.5913300791453,2.53915723558493,"2017-01-01","2017-12-31","sorghum"
33.5912880949697,2.53902633279975,"2017-01-01","2017-12-31","sorghum"
33.5914710478089,2.53893283148194,"2017-01-01","2017-12-31","sorghum"
33.5780025538074,2.71788753096134,"2017-01-01","2017-12-31","sorghum"
33.5781152664887,2.71794217870269,"2017-01-01","2017-12-31","sorghum"
33.5781201568776,2.71812928382486,"2017-01-01","2017-12-31","sorghum"
33.5779145237549,2.71787161311666,"2017-01-01","2017-12-31","sorghum"
33.577939042995,2.71807065812303,"2017-01-01","2017-12-31","sorghum"
33.5467869255679,2.71915584904486,"2017-01-01","2017-12-31","maize"
33.5468890115446,2.71919348037423,"2017-01-01","2017-12-31","maize"
33.5469606879999,2.7189569318698,"2017-01-01","2017-12-31","maize"
33.5470806290862,2.71920315307738,"2017-01-01","2017-12-31","maize"
33.5470201493621,2.71905627734255,"2017-01-01","2017-12-31","maize"
33.6438775531762,2.58177458298988,"2017-01-01","2017-12-31","sorghum"
33.6435445644588,2.58192015480319,"2017-01-01","2017-12-31","sorghum"
33.6437442734637,2.58180644732952,"2017-01-01","2017-12-31","sorghum"
33.643708966327,2.58176585357369,"2017-01-01","2017-12-31","sorghum"
33.6437704908387,2.58184359907915,"2017-01-01","2017-12-31","sorghum"
33.6937667945501,2.5416048155417,"2017-01-01","2017-12-31","maize"
33.6936475719725,2.54171104069278,"2017-01-01","2017-12-31","maize"
33.6938970355014,2.54146575787082,"2017-01-01","2017-12-31","maize"
33.6939121415631,2.54153178566696,"2017-01-01","2017-12-31","maize"
33.6938916727243,2.54190860328384,"2017-01-01","2017-12-31","maize"
33.6836504767544,2.52935207543827,"2017-01-01","2017-12-31","maize"
33.683650989011,2.52932815613949,"2017-01-01","2017-12-31","maize"
33.683854553863,2.52940974694114,"2017-01-01","2017-12-31","maize"
33.6838561904887,2.52929195696505,"2017-01-01","2017-12-31","maize"
33.6837239907296,2.52957547456274,"2017-01-01","2017-12-31","maize"
33.7017485976011,2.55434734350864,"2017-01-01","2017-12-31","sorghum"
33.7020120311384,2.55441985898159,"2017-01-01","2017-12-31","sorghum"
33.7019886189747,2.55427863758748,"2017-01-01","2017-12-31","sorghum"
33.7020024318479,2.55433656243059,"2017-01-01","2017-12-31","sorghum"
33.7017703624682,2.55443502896943,"2017-01-01","2017-12-31","sorghum"
33.6868265099939,2.62868408330958,"2017-01-01","2017-12-31","sorghum"
33.6868662075881,2.62874202603319,"2017-01-01","2017-12-31","sorghum"
33.6868566097083,2.62873799367212,"2017-01-01","2017-12-31","sorghum"
33.6867106822158,2.62859999437226,"2017-01-01","2017-12-31","sorghum"
33.6868142214485,2.62858212615189,"2017-01-01","2017-12-31","sorghum"
33.6824524430636,2.62869820914624,"2017-01-01","2017-12-31","maize"
33.6822713336904,2.62887464903208,"2017-01-01","2017-12-31","maize"
33.6823132155238,2.6286350079387,"2017-01-01","2017-12-31","maize"
33.6823214497541,2.62881894333267,"2017-01-01","2017-12-31","maize"
33.6824002438081,2.62870947450767,"2017-01-01","2017-12-31","maize"
33.7299858721273,2.82212657326453,"2017-01-01","2017-12-31","sorghum"
33.729861494434,2.82233208271647,"2017-01-01","2017-12-31","sorghum"
33.7299685543742,2.8221915586523,"2017-01-01","2017-12-31","sorghum"
33.7299271781124,2.82207908329047,"2017-01-01","2017-12-31","sorghum"
33.7299463395878,2.82208291923116,"2017-01-01","2017-12-31","sorghum"
33.7205973867348,2.78296734007375,"2017-01-01","2017-12-31","sorghum"
33.7204620680291,2.78285208472488,"2017-01-01","2017-12-31","sorghum"
33.7205259460678,2.78329364717716,"2017-01-01","2017-12-31","sorghum"
33.7205571968372,2.78296813728092,"2017-01-01","2017-12-31","sorghum"
33.7205180014036,2.7832152474652,"2017-01-01","2017-12-31","sorghum"
33.7095388926058,2.82595397203493,"2017-01-01","2017-12-31","maize"
33.7095239260423,2.82614006445704,"2017-01-01","2017-12-31","maize"
33.7096782807674,2.82588973000003,"2017-01-01","2017-12-31","maize"
33.7095349638263,2.82590146968027,"2017-01-01","2017-12-31","maize"
33.7096613141464,2.82590944694499,"2017-01-01","2017-12-31","maize"
33.7333647685267,2.82168592969893,"2017-01-01","2017-12-31","sorghum"
33.7333118565415,2.82171672570695,"2017-01-01","2017-12-31","sorghum"
33.7333116560734,2.82189171210818,"2017-01-01","2017-12-31","sorghum"
33.7332852235654,2.8217488769139,"2017-01-01","2017-12-31","sorghum"
33.7333770266684,2.8217129112867,"2017-01-01","2017-12-31","sorghum"
33.732281406374,2.77866096399355,"2017-01-01","2017-12-31","maize"
33.7324375988076,2.77867201500981,"2017-01-01","2017-12-31","maize"
33.7322305485326,2.77856625996873,"2017-01-01","2017-12-31","maize"
33.7323399684746,2.77876251642829,"2017-01-01","2017-12-31","maize"
33.7323924618151,2.77865009204773,"2017-01-01","2017-12-31","maize"
33.6943115031976,2.84912430507504,"2017-01-01","2017-12-31","maize"
33.6945689806942,2.84893319462378,"2017-01-01","2017-12-31","maize"
33.6943297702626,2.8491381850331,"2017-01-01","2017-12-31","maize"
33.6943214232004,2.84910379838452,"2017-01-01","2017-12-31","maize"
33.6945145767893,2.84900713613265,"2017-01-01","2017-12-31","maize"
33.7333499685083,2.83427776107457,"2017-01-01","2017-12-31","maize"
33.7335619381778,2.83404477694726,"2017-01-01","2017-12-31","maize"
33.7334957022908,2.83401657318406,"2017-01-01","2017-12-31","maize"
33.7335709017852,2.83425040495255,"2017-01-01","2017-12-31","maize"
33.7335335289025,2.83431432215407,"2017-01-01","2017-12-31","maize"
33.7265922900008,2.79335367606015,"2017-01-01","2017-12-31","maize"
33.7267238396959,2.7933308798973,"2017-01-01","2017-12-31","maize"
33.726800072966,2.79325922313184,"2017-01-01","2017-12-31","maize"
33.7265688444731,2.79331224865073,"2017-01-01","2017-12-31","maize"
33.7265351998715,2.79340093830852,"2017-01-01","2017-12-31","maize"
33.7101744392904,2.83006155061283,"2017-01-01","2017-12-31","maize"
33.7101086640909,2.83051033226025,"2017-01-01","2017-12-31","maize"
33.7101262747087,2.83039997729871,"2017-01-01","2017-12-31","maize"
33.7101964608225,2.83033528044233,"2017-01-01","2017-12-31","maize"
33.710213612282,2.82990152731328,"2017-01-01","2017-12-31","maize"
33.6974957249423,2.84644584217194,"2017-01-01","2017-12-31","sorghum"
33.6973821704071,2.84676292719641,"2017-01-01","2017-12-31","sorghum"
33.6972991904695,2.84686964861015,"2017-01-01","2017-12-31","sorghum"
33.6974443926031,2.84655548264855,"2017-01-01","2017-12-31","sorghum"
33.697312800855,2.84658732210542,"2017-01-01","2017-12-31","sorghum"
33.7219518189408,2.77783422697696,"2017-01-01","2017-12-31","maize"
33.7222784578995,2.77794851276186,"2017-01-01","2017-12-31","maize"
33.7221795332237,2.77799694002534,"2017-01-01","2017-12-31","maize"
33.7219450000311,2.7778505841088,"2017-01-01","2017-12-31","maize"
33.7218842604301,2.77786941875357,"2017-01-01","2017-12-31","maize"
33.6889284171456,3.47118917056929,"2017-01-01","2017-12-31","maize"
33.6892894148485,3.47111805707552,"2017-01-01","2017-12-31","maize"
33.689054309138,3.47100122183505,"2017-01-01","2017-12-31","maize"
33.6891021704614,3.4709329623989,"2017-01-01","2017-12-31","maize"
33.6893362710844,3.47109663040253,"2017-01-01","2017-12-31","maize"
33.6903751803366,3.47449323742161,"2017-01-01","2017-12-31","sorghum"
33.6903206170238,3.47440530990362,"2017-01-01","2017-12-31","sorghum"
33.6904811672816,3.474440539536,"2017-01-01","2017-12-31","sorghum"
33.6902174551076,3.47450621463029,"2017-01-01","2017-12-31","sorghum"
33.6903542875568,3.47454605414448,"2017-01-01","2017-12-31","sorghum"
33.6942179741805,3.47095785922974,"2017-01-01","2017-12-31","maize"
33.6943294957804,3.47114754777202,"2017-01-01","2017-12-31","maize"
33.694424037617,3.47121301994667,"2017-01-01","2017-12-31","maize"
33.6942824738551,3.47086182047996,"2017-01-01","2017-12-31","maize"
33.6939414028787,3.4709583979622,"2017-01-01","2017-12-31","maize"
33.7016175550039,3.58269821958417,"2017-01-01","2017-12-31","sorghum"
33.7016988407304,3.58282123434942,"2017-01-01","2017-12-31","sorghum"
33.7014269096087,3.58273093281624,"2017-01-01","2017-12-31","sorghum"
33.7017119004163,3.58313610134173,"2017-01-01","2017-12-31","sorghum"
33.7015473668955,3.58318512860872,"2017-01-01","2017-12-31","sorghum"
33.711232236932,3.56014272516174,"2017-01-01","2017-12-31","maize"
33.7114318961861,3.56005841844984,"2017-01-01","2017-12-31","maize"
33.7113024229857,3.56018194684214,"2017-01-01","2017-12-31","maize"
33.7113361151754,3.56005765538254,"2017-01-01","2017-12-31","maize"
33.7113253941513,3.560110966528,"2017-01-01","2017-12-31","maize"
33.6829015199644,3.58903253565248,"2017-01-01","2017-12-31","maize"
33.6830519458628,3.58893391386679,"2017-01-01","2017-12-31","maize"
33.6828351949734,3.58899269086267,"2017-01-01","2017-12-31","maize"
33.6829153351731,3.58908164198787,"2017-01-01","2017-12-31","maize"
33.6832004117942,3.58930271159442,"2017-01-01","2017-12-31","maize"
33.934983398989,2.55074179042054,"2017-01-01","2017-12-31","sorghum"
33.9347407878772,2.55086522890181,"2017-01-01","2017-12-31","sorghum"
33.9349091890286,2.55084539092265,"2017-01-01","2017-12-31","sorghum"
33.9348365096709,2.55091299947342,"2017-01-01","2017-12-31","sorghum"
33.934887981414,2.55082246484379,"2017-01-01","2017-12-31","sorghum"
33.9352424519837,2.55045144985451,"2017-01-01","2017-12-31","maize"
33.9353580784133,2.55045302086285,"2017-01-01","2017-12-31","maize"
33.9354840899472,2.55036814080329,"2017-01-01","2017-12-31","maize"
33.9352315234143,2.55030322313846,"2017-01-01","2017-12-31","maize"
33.9352409922253,2.55045534705096,"2017-01-01","2017-12-31","maize"
33.8862056321619,2.55215056422088,"2017-01-01","2017-12-31","maize"
33.8861840899213,2.55229094869068,"2017-01-01","2017-12-31","maize"
33.8860342738795,2.55206056725343,"2017-01-01","2017-12-31","maize"
33.8860867038599,2.55203728807934,"2017-01-01","2017-12-31","maize"
33.886085970882,2.55211636285673,"2017-01-01","2017-12-31","maize"
33.8872813707275,2.55312698763862,"2017-01-01","2017-12-31","maize"
33.886952607707,2.55294535973351,"2017-01-01","2017-12-31","maize"
33.8871314872346,2.55303861374854,"2017-01-01","2017-12-31","maize"
33.8869289979579,2.55301913311507,"2017-01-01","2017-12-31","maize"
33.8870902070052,2.5532186598196,"2017-01-01","2017-12-31","maize"
33.9103631284266,2.56382861085759,"2017-01-01","2017-12-31","maize"
33.9103455186721,2.5636042949283,"2017-01-01","2017-12-31","maize"
33.9103327130134,2.56388290618295,"2017-01-01","2017-12-31","maize"
33.9104337956421,2.56371630094114,"2017-01-01","2017-12-31","maize"
33.9105664249668,2.56377131143684,"2017-01-01","2017-12-31","maize"
33.911768444785,2.56417672175746,"2017-01-01","2017-12-31","maize"
33.9118390194469,2.56435500185746,"2017-01-01","2017-12-31","maize"
33.9114803224016,2.56418742235115,"2017-01-01","2017-12-31","maize"
33.9116144175979,2.56409286790734,"2017-01-01","2017-12-31","maize"
33.9118285178679,2.56422462879657,"2017-01-01","2017-12-31","maize"
33.9115127165233,2.56372649525517,"2017-01-01","2017-12-31","sorghum"
33.9114748682835,2.56363274363887,"2017-01-01","2017-12-31","sorghum"
33.9114770179431,2.56344028903595,"2017-01-01","2017-12-31","sorghum"
33.9114345374059,2.56355969645958,"2017-01-01","2017-12-31","sorghum"
33.9113664646508,2.56356779359365,"2017-01-01","2017-12-31","sorghum"
33.936990217466,3.09797991073444,"2017-01-01","2017-12-31","sorghum"
33.9369555313217,3.09834025682271,"2017-01-01","2017-12-31","sorghum"
33.9372325069541,3.09759697070211,"2017-01-01","2017-12-31","sorghum"
33.9373447356866,3.09761043986616,"2017-01-01","2017-12-31","sorghum"
33.937013726832,3.09832523048358,"2017-01-01","2017-12-31","sorghum"
33.9339636329397,3.0953625117533,"2017-01-01","2017-12-31","sorghum"
33.9338984516196,3.09549903523139,"2017-01-01","2017-12-31","sorghum"
33.9340588300527,3.0953456789171,"2017-01-01","2017-12-31","sorghum"
33.9339156575835,3.09548055860151,"2017-01-01","2017-12-31","sorghum"
33.9340095353995,3.09548904416032,"2017-01-01","2017-12-31","sorghum"
33.934721885595,3.09523406930943,"2017-01-01","2017-12-31","sorghum"
33.9347612219501,3.09550510417761,"2017-01-01","2017-12-31","sorghum"
33.9348028144598,3.09536892034692,"2017-01-01","2017-12-31","sorghum"
33.9347843704284,3.09534022835092,"2017-01-01","2017-12-31","sorghum"
33.9347997648603,3.09539267816902,"2017-01-01","2017-12-31","sorghum"
33.9308058567734,3.31405376596148,"2017-01-01","2017-12-31","maize"
33.9308747068992,3.31388264959235,"2017-01-01","2017-12-31","maize"
33.9307957733599,3.31414740096459,"2017-01-01","2017-12-31","maize"
33.9309391451366,3.31380202468652,"2017-01-01","2017-12-31","maize"
33.9308313534363,3.31386337764429,"2017-01-01","2017-12-31","maize"
33.9335449908674,3.32808929465891,"2017-01-01","2017-12-31","maize"
33.933819744992,3.32794405735468,"2017-01-01","2017-12-31","maize"
33.93367452609,3.32787286737933,"2017-01-01","2017-12-31","maize"
33.9336027068969,3.32784676291189,"2017-01-01","2017-12-31","maize"
33.933686979516,3.32799163392005,"2017-01-01","2017-12-31","maize"
33.9314379546646,3.31632278282661,"2017-01-01","2017-12-31","maize"
33.9315643486726,3.31637266873221,"2017-01-01","2017-12-31","maize"
33.9315102931061,3.31615091351807,"2017-01-01","2017-12-31","maize"
33.9313048183902,3.31630891510892,"2017-01-01","2017-12-31","maize"
33.93162538762,3.31636542682796,"2017-01-01","2017-12-31","maize"
33.9294324546269,3.32410333112155,"2017-01-01","2017-12-31","maize"
33.9292605239273,3.32408695679889,"2017-01-01","2017-12-31","maize"
33.9295670945341,3.32411674627557,"2017-01-01","2017-12-31","maize"
33.9293457065812,3.32406139270615,"2017-01-01","2017-12-31","maize"
33.9292785752338,3.3241049345564,"2017-01-01","2017-12-31","maize"
33.9284325729423,3.31426709539533,"2017-01-01","2017-12-31","maize"
33.9287998353126,3.31407245853003,"2017-01-01","2017-12-31","maize"
33.9286770752439,3.31413139105949,"2017-01-01","2017-12-31","maize"
33.9284476354497,3.31406623693493,"2017-01-01","2017-12-31","maize"
33.9285005311257,3.31412316294917,"2017-01-01","2017-12-31","maize"
33.9263561659325,3.31880657456843,"2017-01-01","2017-12-31","maize"
33.9263339517706,3.31865291314816,"2017-01-01","2017-12-31","maize"
33.9262907398078,3.31852060737692,"2017-01-01","2017-12-31","maize"
33.9262230179134,3.31843826885623,"2017-01-01","2017-12-31","maize"
33.9263020461097,3.31875196494579,"2017-01-01","2017-12-31","maize"
33.9287494062064,3.32315139836797,"2017-01-01","2017-12-31","maize"
33.9289771381351,3.32341350171226,"2017-01-01","2017-12-31","maize"
33.9288543665782,3.32340006106678,"2017-01-01","2017-12-31","maize"
33.9290182912318,3.32325115556196,"2017-01-01","2017-12-31","maize"
33.9289758559852,3.32318486481497,"2017-01-01","2017-12-31","maize"
33.9325566156814,3.31933715425413,"2017-01-01","2017-12-31","maize"
33.9327700456246,3.31931715669491,"2017-01-01","2017-12-31","maize"
33.932442588013,3.31933974353764,"2017-01-01","2017-12-31","maize"
33.9325197608411,3.31939389040387,"2017-01-01","2017-12-31","maize"
33.9327559940487,3.31940730922482,"2017-01-01","2017-12-31","maize"
33.9320548853938,3.32443870602896,"2017-01-01","2017-12-31","maize"
33.9320537426743,3.32433311033957,"2017-01-01","2017-12-31","maize"
33.9320931397613,3.32427233575688,"2017-01-01","2017-12-31","maize"
33.9321222748603,3.32444639686977,"2017-01-01","2017-12-31","maize"
33.9321261961406,3.32455971129978,"2017-01-01","2017-12-31","maize"
33.9530183446596,2.53595910062825,"2017-01-01","2017-12-31","sorghum"
33.9534049192777,2.53589058504519,"2017-01-01","2017-12-31","sorghum"
33.9535245563386,2.53535869908962,"2017-01-01","2017-12-31","sorghum"
33.9529537095341,2.53581711285814,"2017-01-01","2017-12-31","sorghum"
33.9530041067036,2.53645085052017,"2017-01-01","2017-12-31","sorghum"
33.9863852485255,3.00834591701494,"2017-01-01","2017-12-31","sorghum"
33.9862067096499,3.00829092328905,"2017-01-01","2017-12-31","sorghum"
33.9864159473522,3.00793595526881,"2017-01-01","2017-12-31","sorghum"
33.9860559487092,3.00821538691726,"2017-01-01","2017-12-31","sorghum"
33.9861780712002,3.00804435660814,"2017-01-01","2017-12-31","sorghum"
34.0287731463297,3.0176834789298,"2017-01-01","2017-12-31","maize"
34.0286664336114,3.01761168086038,"2017-01-01","2017-12-31","maize"
34.0289574072602,3.0176384183218,"2017-01-01","2017-12-31","maize"
34.0288348038064,3.01770748314884,"2017-01-01","2017-12-31","maize"
34.0289203324177,3.0176268226513,"2017-01-01","2017-12-31","maize"
34.0306557235205,3.01611595191782,"2017-01-01","2017-12-31","sorghum"
34.0307689990104,3.01624607638726,"2017-01-01","2017-12-31","sorghum"
34.0307094619324,3.01623667514586,"2017-01-01","2017-12-31","sorghum"
34.0308991013848,3.0160487796772,"2017-01-01","2017-12-31","sorghum"
34.0306471308172,3.01603058893083,"2017-01-01","2017-12-31","sorghum"
34.029705463227,3.0169212155443,"2017-01-01","2017-12-31","maize"
34.0297805618582,3.01664580236243,"2017-01-01","2017-12-31","maize"
34.0297351981398,3.01668805700191,"2017-01-01","2017-12-31","maize"
34.0298316882189,3.01679448742505,"2017-01-01","2017-12-31","maize"
34.029677322516,3.01679797749024,"2017-01-01","2017-12-31","maize"
34.0432984961257,3.07725640561234,"2017-01-01","2017-12-31","sorghum"
34.0435043249401,3.07726494664133,"2017-01-01","2017-12-31","sorghum"
34.0434572021469,3.07737921504658,"2017-01-01","2017-12-31","sorghum"
34.0435085939731,3.07736860345993,"2017-01-01","2017-12-31","sorghum"
34.0433435713468,3.07732914338896,"2017-01-01","2017-12-31","sorghum"
34.0298908620184,3.01744836332377,"2017-01-01","2017-12-31","maize"
34.0298412507067,3.01771241775746,"2017-01-01","2017-12-31","maize"
34.0298790657807,3.01758325338418,"2017-01-01","2017-12-31","maize"
34.0300292315051,3.01775093425463,"2017-01-01","2017-12-31","maize"
34.0299362318192,3.01768078834333,"2017-01-01","2017-12-31","maize"
34.0307613137138,3.56283545497024,"2017-01-01","2017-12-31","sorghum"
34.0309845204901,3.56275193378538,"2017-01-01","2017-12-31","sorghum"
34.0309691541173,3.56288978153041,"2017-01-01","2017-12-31","sorghum"
34.0309304062489,3.56281697897425,"2017-01-01","2017-12-31","sorghum"
34.030961198104,3.56290534178043,"2017-01-01","2017-12-31","sorghum"
34.0398775387797,3.50373024569621,"2017-01-01","2017-12-31","sorghum"
34.0400169407349,3.50362032996894,"2017-01-01","2017-12-31","sorghum"
34.0399837026087,3.50335693624307,"2017-01-01","2017-12-31","sorghum"
34.0399863106486,3.5036231123202,"2017-01-01","2017-12-31","sorghum"
34.0397801765065,3.50350435023181,"2017-01-01","2017-12-31","sorghum"
33.981490303759,3.53479061012639,"2017-01-01","2017-12-31","sorghum"
33.9815859390855,3.53470034039018,"2017-01-01","2017-12-31","sorghum"
33.9816436098853,3.5347093524726,"2017-01-01","2017-12-31","sorghum"
33.9817325930853,3.5346506078718,"2017-01-01","2017-12-31","sorghum"
33.9815454464078,3.53470374888375,"2017-01-01","2017-12-31","sorghum"
34.048938620233,3.53281836218229,"2017-01-01","2017-12-31","sorghum"
34.0491859016917,3.53269372635604,"2017-01-01","2017-12-31","sorghum"
34.0489757433238,3.53268929063486,"2017-01-01","2017-12-31","sorghum"
34.0491650740693,3.53282905995118,"2017-01-01","2017-12-31","sorghum"
34.0491366108666,3.53266266291636,"2017-01-01","2017-12-31","sorghum"
34.0352280683511,3.53670088585756,"2017-01-01","2017-12-31","sorghum"
34.0351196260426,3.53690390776263,"2017-01-01","2017-12-31","sorghum"
34.0350901911293,3.5367667272025,"2017-01-01","2017-12-31","sorghum"
34.0352286020954,3.53686960424758,"2017-01-01","2017-12-31","sorghum"
34.035334595008,3.5368588511325,"2017-01-01","2017-12-31","sorghum"
34.0294162171822,3.53783389287908,"2017-01-01","2017-12-31","sorghum"
34.0295879782079,3.53784634383887,"2017-01-01","2017-12-31","sorghum"
34.0295086336573,3.53772469068305,"2017-01-01","2017-12-31","sorghum"
34.0295314120735,3.53785607827426,"2017-01-01","2017-12-31","sorghum"
34.029460589686,3.53773083085234,"2017-01-01","2017-12-31","sorghum"
34.0494211271102,3.53811482401933,"2017-01-01","2017-12-31","sorghum"
34.0494279867836,3.53812875282121,"2017-01-01","2017-12-31","sorghum"
34.0495525577333,3.53801792048994,"2017-01-01","2017-12-31","sorghum"
34.0496382872295,3.53809330893219,"2017-01-01","2017-12-31","sorghum"
34.0495668228894,3.53810754605065,"2017-01-01","2017-12-31","sorghum"
34.0246978929579,3.56926931248338,"2017-01-01","2017-12-31","sorghum"
34.0248363553932,3.56907730389519,"2017-01-01","2017-12-31","sorghum"
34.0247920361304,3.56928709530567,"2017-01-01","2017-12-31","sorghum"
34.024835356711,3.56894637932249,"2017-01-01","2017-12-31","sorghum"
34.024831851966,3.56919504037032,"2017-01-01","2017-12-31","sorghum"
33.9471093007114,3.68721306957136,"2017-01-01","2017-12-31","maize"
33.9471052968486,3.68712206904017,"2017-01-01","2017-12-31","maize"
33.9468117651305,3.68687070322892,"2017-01-01","2017-12-31","maize"
33.9469004289058,3.68725007990899,"2017-01-01","2017-12-31","maize"
33.9468583811625,3.68656955579113,"2017-01-01","2017-12-31","maize"
34.0494124309538,3.61945531456557,"2017-01-01","2017-12-31","sorghum"
34.049220135953,3.61936823958648,"2017-01-01","2017-12-31","sorghum"
34.0493799515588,3.61959972149581,"2017-01-01","2017-12-31","sorghum"
34.0493573689364,3.61934410618322,"2017-01-01","2017-12-31","sorghum"
34.0493287572151,3.61939705474624,"2017-01-01","2017-12-31","sorghum"
34.0753409825492,3.62556575906154,"2017-01-01","2017-12-31","maize"
34.0753298609893,3.62552389690273,"2017-01-01","2017-12-31","maize"
34.0752884512461,3.62550549014094,"2017-01-01","2017-12-31","maize"
34.0752752503562,3.62548761738426,"2017-01-01","2017-12-31","maize"
34.075406981564,3.62537922830012,"2017-01-01","2017-12-31","maize"
33.9441828944458,3.68727627733168,"2017-01-01","2017-12-31","maize"
33.944087311363,3.68721231461373,"2017-01-01","2017-12-31","maize"
33.944351380574,3.68735151344687,"2017-01-01","2017-12-31","maize"
33.9447251611287,3.68709744522514,"2017-01-01","2017-12-31","maize"
33.9441182223028,3.68728827320167,"2017-01-01","2017-12-31","maize"
33.9511440968285,3.67973886844606,"2017-01-01","2017-12-31","sorghum"
33.9508774932189,3.67956882133875,"2017-01-01","2017-12-31","sorghum"
33.9510616443133,3.67979233000151,"2017-01-01","2017-12-31","sorghum"
33.9510458438979,3.67944495848121,"2017-01-01","2017-12-31","sorghum"
33.9508962770972,3.67954575257672,"2017-01-01","2017-12-31","sorghum"
34.0500399943313,3.61595241471165,"2017-01-01","2017-12-31","sorghum"
34.0500516581372,3.61581497345794,"2017-01-01","2017-12-31","sorghum"
34.0500818955108,3.61577939137773,"2017-01-01","2017-12-31","sorghum"
34.050087175815,3.61580480895204,"2017-01-01","2017-12-31","sorghum"
34.0499519056321,3.61586780987594,"2017-01-01","2017-12-31","sorghum"
34.1696738767185,2.1219964035776,"2017-01-01","2017-12-31","maize"
34.1695740702934,2.12223761096304,"2017-01-01","2017-12-31","maize"
34.1697341540325,2.12196996263521,"2017-01-01","2017-12-31","maize"
34.1695745832298,2.1220638585002,"2017-01-01","2017-12-31","maize"
34.1696847767783,2.12222323618969,"2017-01-01","2017-12-31","maize"
34.181052555488,2.09900919974634,"2017-01-01","2017-12-31","maize"
34.1815052111257,2.09887435384146,"2017-01-01","2017-12-31","maize"
34.1810481576542,2.09953891016166,"2017-01-01","2017-12-31","maize"
34.1808080307505,2.09902673736354,"2017-01-01","2017-12-31","maize"
34.1806603786203,2.09957209626686,"2017-01-01","2017-12-31","maize"
34.1936083324198,2.09281133803279,"2017-01-01","2017-12-31","maize"
34.1938105244795,2.09263791868455,"2017-01-01","2017-12-31","maize"
34.1940235365429,2.09224265655172,"2017-01-01","2017-12-31","maize"
34.1936150149204,2.09284771861143,"2017-01-01","2017-12-31","maize"
34.1940320756935,2.09227086136541,"2017-01-01","2017-12-31","maize"
34.1450882487459,2.95039548039778,"2017-01-01","2017-12-31","sorghum"
34.1450027738122,2.95055378560321,"2017-01-01","2017-12-31","sorghum"
34.1449766078631,2.9505820456936,"2017-01-01","2017-12-31","sorghum"
34.1449226609083,2.95031130848537,"2017-01-01","2017-12-31","sorghum"
34.145017001733,2.95056667625465,"2017-01-01","2017-12-31","sorghum"
34.132934837995,2.96842286434988,"2017-01-01","2017-12-31","sorghum"
34.132962631889,2.96841203046954,"2017-01-01","2017-12-31","sorghum"
34.1328922371948,2.96862331865244,"2017-01-01","2017-12-31","sorghum"
34.1327485067756,2.96857009768753,"2017-01-01","2017-12-31","sorghum"
34.1330625398449,2.96850265564467,"2017-01-01","2017-12-31","sorghum"
34.1463685850956,2.94792704511034,"2017-01-01","2017-12-31","sorghum"
34.1462664843416,2.94805512313556,"2017-01-01","2017-12-31","sorghum"
34.1467458638289,2.9480731848059,"2017-01-01","2017-12-31","sorghum"
34.1464936293465,2.94803843612564,"2017-01-01","2017-12-31","sorghum"
34.1465752959076,2.94823505353272,"2017-01-01","2017-12-31","sorghum"
34.1342078533525,2.96744873611361,"2017-01-01","2017-12-31","sorghum"
34.1340913750521,2.96742609722538,"2017-01-01","2017-12-31","sorghum"
34.1341026942303,2.96731353974832,"2017-01-01","2017-12-31","sorghum"
34.1338765876451,2.96755461321792,"2017-01-01","2017-12-31","sorghum"
34.1338766949773,2.96755565530316,"2017-01-01","2017-12-31","sorghum"
34.1341635583793,2.96805901327701,"2017-01-01","2017-12-31","maize"
34.1342232371459,2.96797153344908,"2017-01-01","2017-12-31","maize"
34.1342433983609,2.96815835899568,"2017-01-01","2017-12-31","maize"
34.134176783182,2.9681361816234,"2017-01-01","2017-12-31","maize"
34.1341622139711,2.96810117039239,"2017-01-01","2017-12-31","maize"
34.1283352248579,3.04347579819478,"2017-01-01","2017-12-31","maize"
34.1285207890592,3.04307271140507,"2017-01-01","2017-12-31","maize"
34.1283181569436,3.04308418539396,"2017-01-01","2017-12-31","maize"
34.1283187886718,3.04337213558135,"2017-01-01","2017-12-31","maize"
34.1286189402277,3.04335227016982,"2017-01-01","2017-12-31","maize"
34.1902312122355,3.09646783987801,"2017-01-01","2017-12-31","sorghum"
34.1902574749636,3.09634725655807,"2017-01-01","2017-12-31","sorghum"
34.1903242041031,3.0964386610434,"2017-01-01","2017-12-31","sorghum"
34.1902688679188,3.09635545964352,"2017-01-01","2017-12-31","sorghum"
34.1902760483739,3.09651843706803,"2017-01-01","2017-12-31","sorghum"
34.1904580209361,3.09172571918608,"2017-01-01","2017-12-31","sorghum"
34.1903841693253,3.09183077482338,"2017-01-01","2017-12-31","sorghum"
34.1902219468144,3.09192740312063,"2017-01-01","2017-12-31","sorghum"
34.1902028083057,3.09194310279056,"2017-01-01","2017-12-31","sorghum"
34.1904242652313,3.09182899447432,"2017-01-01","2017-12-31","sorghum"
34.1878812559078,3.09464700716031,"2017-01-01","2017-12-31","sorghum"
34.1878057086752,3.09445310654157,"2017-01-01","2017-12-31","sorghum"
34.188048389155,3.09472655459241,"2017-01-01","2017-12-31","sorghum"
34.1879411957098,3.09466947435094,"2017-01-01","2017-12-31","sorghum"
34.1878763091762,3.09438037751817,"2017-01-01","2017-12-31","sorghum"
34.1921145051503,3.09946579103455,"2017-01-01","2017-12-31","sorghum"
34.1921436671332,3.09955687131875,"2017-01-01","2017-12-31","sorghum"
34.1922431013003,3.09968978815676,"2017-01-01","2017-12-31","sorghum"
34.192102920751,3.09959397198358,"2017-01-01","2017-12-31","sorghum"
34.192114499074,3.09969432684537,"2017-01-01","2017-12-31","sorghum"
34.1327079567081,3.36628583682207,"2017-01-01","2017-12-31","sorghum"
34.1327226575607,3.36625846160921,"2017-01-01","2017-12-31","sorghum"
34.1328202712762,3.3662210298021,"2017-01-01","2017-12-31","sorghum"
34.1329223944402,3.36620819638292,"2017-01-01","2017-12-31","sorghum"
34.1328849627819,3.36625538462494,"2017-01-01","2017-12-31","sorghum"
34.1773089135241,3.55862956650159,"2017-01-01","2017-12-31","sorghum"
34.1775224832663,3.55840686735143,"2017-01-01","2017-12-31","sorghum"
34.1773315916285,3.55860820403173,"2017-01-01","2017-12-31","sorghum"
34.1772767650108,3.55864019975846,"2017-01-01","2017-12-31","sorghum"
34.1775741559145,3.55842792720059,"2017-01-01","2017-12-31","sorghum"
34.1726258797089,3.55354172143614,"2017-01-01","2017-12-31","sorghum"
34.1726529249108,3.55365338929073,"2017-01-01","2017-12-31","sorghum"
34.1725489798851,3.55369539591544,"2017-01-01","2017-12-31","sorghum"
34.1729373514538,3.5536232753433,"2017-01-01","2017-12-31","sorghum"
34.1727393935393,3.55353352109089,"2017-01-01","2017-12-31","sorghum"
34.1683321294621,3.4790953256502,"2017-01-01","2017-12-31","sorghum"
34.1682038949891,3.47898566816475,"2017-01-01","2017-12-31","sorghum"
34.1682066374917,3.47892899015384,"2017-01-01","2017-12-31","sorghum"
34.1682196765196,3.47935145485515,"2017-01-01","2017-12-31","sorghum"
34.1682552905086,3.47925074790806,"2017-01-01","2017-12-31","sorghum"
34.1751172246931,3.55201958573104,"2017-01-01","2017-12-31","sorghum"
34.1749366803076,3.55231446145932,"2017-01-01","2017-12-31","sorghum"
34.1754102120627,3.55208808320547,"2017-01-01","2017-12-31","sorghum"
34.1748285392794,3.55221092282968,"2017-01-01","2017-12-31","sorghum"
34.1746611591642,3.55201837208026,"2017-01-01","2017-12-31","sorghum"
34.1357686062637,3.71869204514079,"2017-01-01","2017-12-31","sorghum"
34.1358171083882,3.71879645451306,"2017-01-01","2017-12-31","sorghum"
34.1358272122377,3.71861157510306,"2017-01-01","2017-12-31","sorghum"
34.1358324303219,3.71877512762397,"2017-01-01","2017-12-31","sorghum"
34.1359538443754,3.71880845815016,"2017-01-01","2017-12-31","sorghum"
34.1868757701373,3.66208597614218,"2017-01-01","2017-12-31","sorghum"
34.1866702405642,3.66172147615946,"2017-01-01","2017-12-31","sorghum"
34.1868176931621,3.66192034953475,"2017-01-01","2017-12-31","sorghum"
34.1867143985606,3.66200825924904,"2017-01-01","2017-12-31","sorghum"
34.1868540903793,3.66208162648254,"2017-01-01","2017-12-31","sorghum"
34.1305103114426,3.71536133672689,"2017-01-01","2017-12-31","sorghum"
34.1308131256218,3.71513793974614,"2017-01-01","2017-12-31","sorghum"
34.1304786172293,3.71527933000101,"2017-01-01","2017-12-31","sorghum"
34.13040630257,3.71522940017856,"2017-01-01","2017-12-31","sorghum"
34.1305384615695,3.71535321831679,"2017-01-01","2017-12-31","sorghum"
34.1251650001791,3.71178104566934,"2017-01-01","2017-12-31","sorghum"
34.1252006926411,3.71184217243492,"2017-01-01","2017-12-31","sorghum"
34.1252272779278,3.7119974248322,"2017-01-01","2017-12-31","sorghum"
34.1249851692213,3.71174708075732,"2017-01-01","2017-12-31","sorghum"
34.1249603208758,3.71174658945337,"2017-01-01","2017-12-31","sorghum"
34.0771853589556,3.62640839758642,"2017-01-01","2017-12-31","sorghum"
34.0771270609766,3.62626680784399,"2017-01-01","2017-12-31","sorghum"
34.0773428087627,3.6263376738984,"2017-01-01","2017-12-31","sorghum"
34.0770861049582,3.62638031520385,"2017-01-01","2017-12-31","sorghum"
34.0770898635585,3.6264100399108,"2017-01-01","2017-12-31","sorghum"
34.1260632051315,3.72276799509078,"2017-01-01","2017-12-31","sorghum"
34.1259579376667,3.72289656830294,"2017-01-01","2017-12-31","sorghum"
34.1258360333163,3.72249537339123,"2017-01-01","2017-12-31","sorghum"
34.1262409202759,3.72290604044408,"2017-01-01","2017-12-31","sorghum"
34.1258345543449,3.72249962648037,"2017-01-01","2017-12-31","sorghum"
34.1918308754322,3.65103218691317,"2017-01-01","2017-12-31","maize"
34.1918955154865,3.65085336830823,"2017-01-01","2017-12-31","maize"
34.1919485265321,3.65096030551208,"2017-01-01","2017-12-31","maize"
34.1920311457224,3.65083369992175,"2017-01-01","2017-12-31","maize"
34.1920129728027,3.65104519048556,"2017-01-01","2017-12-31","maize"
34.0772188255693,3.63561193823229,"2017-01-01","2017-12-31","maize"
34.0770661845999,3.6357196653297,"2017-01-01","2017-12-31","maize"
34.0770033997641,3.63539498033089,"2017-01-01","2017-12-31","maize"
34.0771771819678,3.63533274168225,"2017-01-01","2017-12-31","maize"
34.0769677723833,3.63565761625066,"2017-01-01","2017-12-31","maize"
34.1281830541643,3.72679046688269,"2017-01-01","2017-12-31","sorghum"
34.1281665483836,3.72675991451981,"2017-01-01","2017-12-31","sorghum"
34.1280807306987,3.72686533580859,"2017-01-01","2017-12-31","sorghum"
34.1281277900358,3.72641499490753,"2017-01-01","2017-12-31","sorghum"
34.1275031071563,3.72630880602016,"2017-01-01","2017-12-31","sorghum"
34.1909459244326,3.65607357865617,"2017-01-01","2017-12-31","maize"
34.190954586111,3.65613980720725,"2017-01-01","2017-12-31","maize"
34.1909568883536,3.65610462840086,"2017-01-01","2017-12-31","maize"
34.1908161411211,3.65608809266909,"2017-01-01","2017-12-31","maize"
34.1909340912025,3.6562232290075,"2017-01-01","2017-12-31","maize"
34.2815750359017,2.10501988134717,"2017-01-01","2017-12-31","maize"
34.2815061732205,2.10485194419033,"2017-01-01","2017-12-31","maize"
34.2816861350747,2.10443208511081,"2017-01-01","2017-12-31","maize"
34.2814873297934,2.10474320483074,"2017-01-01","2017-12-31","maize"
34.2817420318843,2.10466538489063,"2017-01-01","2017-12-31","maize"
34.248970102594,2.03159235760189,"2017-01-01","2017-12-31","maize"
34.2488235225898,2.03155767477227,"2017-01-01","2017-12-31","maize"
34.2488096437967,2.03143530978045,"2017-01-01","2017-12-31","maize"
34.2488704631117,2.03131286827853,"2017-01-01","2017-12-31","maize"
34.2488706906181,2.03155991454209,"2017-01-01","2017-12-31","maize"
34.2512042720873,2.02393266056186,"2017-01-01","2017-12-31","maize"
34.2516954107545,2.02343939340146,"2017-01-01","2017-12-31","maize"
34.2513320823702,2.02394821217055,"2017-01-01","2017-12-31","maize"
34.2516286073964,2.02336159326482,"2017-01-01","2017-12-31","maize"
34.2513089434104,2.02416467254439,"2017-01-01","2017-12-31","maize"
34.2792590019536,2.10339138346704,"2017-01-01","2017-12-31","maize"
34.2791075694487,2.10351632811322,"2017-01-01","2017-12-31","maize"
34.2791389433798,2.10339657616383,"2017-01-01","2017-12-31","maize"
34.2792935079569,2.10338097687927,"2017-01-01","2017-12-31","maize"
34.2792082562141,2.10344704921806,"2017-01-01","2017-12-31","maize"
34.2349431111873,2.06501544037179,"2017-01-01","2017-12-31","maize"
34.234830649678,2.06502778548249,"2017-01-01","2017-12-31","maize"
34.2353867924721,2.06497273113783,"2017-01-01","2017-12-31","maize"
34.2352922245321,2.06512969760689,"2017-01-01","2017-12-31","maize"
34.2348242940614,2.0650474175764,"2017-01-01","2017-12-31","maize"
34.2620118138593,2.10556587430227,"2017-01-01","2017-12-31","maize"
34.2623125515144,2.10594076761035,"2017-01-01","2017-12-31","maize"
34.2624454380852,2.10598363181033,"2017-01-01","2017-12-31","maize"
34.2623903215782,2.10583596231526,"2017-01-01","2017-12-31","maize"
34.2626219618535,2.10583107616398,"2017-01-01","2017-12-31","maize"
34.2144625885513,2.09477671268801,"2017-01-01","2017-12-31","maize"
34.2143497432405,2.09475321014085,"2017-01-01","2017-12-31","maize"
34.2146450829753,2.09451348024175,"2017-01-01","2017-12-31","maize"
34.2142158874512,2.09452378871946,"2017-01-01","2017-12-31","maize"
34.2146407119162,2.09466713506383,"2017-01-01","2017-12-31","maize"
34.2444230865962,2.04352537029725,"2017-01-01","2017-12-31","maize"
34.2443367201918,2.04327142501611,"2017-01-01","2017-12-31","maize"
34.2443422637322,2.04367914514167,"2017-01-01","2017-12-31","maize"
34.2445598298954,2.04347973186346,"2017-01-01","2017-12-31","maize"
34.2443348139068,2.04348882363069,"2017-01-01","2017-12-31","maize"
34.2762053801,2.09628261833977,"2017-01-01","2017-12-31","maize"
34.2762084898716,2.09642635850609,"2017-01-01","2017-12-31","maize"
34.2763880169765,2.09635458553597,"2017-01-01","2017-12-31","maize"
34.2761815157972,2.09632278712311,"2017-01-01","2017-12-31","maize"
34.2762767308262,2.09648791127189,"2017-01-01","2017-12-31","maize"
34.2535063548301,2.21535209124188,"2017-01-01","2017-12-31","maize"
34.2535556005247,2.21564950026322,"2017-01-01","2017-12-31","maize"
34.2534395014372,2.21547881418021,"2017-01-01","2017-12-31","maize"
34.2534565593453,2.21550311322241,"2017-01-01","2017-12-31","maize"
34.2534014198821,2.21560880914493,"2017-01-01","2017-12-31","maize"
34.3223636505057,2.18994428512067,"2017-01-01","2017-12-31","sorghum"
34.322390573416,2.18998456076107,"2017-01-01","2017-12-31","sorghum"
34.3219813488586,2.1898575411543,"2017-01-01","2017-12-31","sorghum"
34.3220632543282,2.1898448490018,"2017-01-01","2017-12-31","sorghum"
34.3221796832884,2.18987489578368,"2017-01-01","2017-12-31","sorghum"
34.249417732332,2.21322435616949,"2017-01-01","2017-12-31","sorghum"
34.2491413675144,2.21319973470064,"2017-01-01","2017-12-31","sorghum"
34.2490942411226,2.21323387309872,"2017-01-01","2017-12-31","sorghum"
34.2494815731349,2.21302138406128,"2017-01-01","2017-12-31","sorghum"
34.2492750821569,2.21320147735065,"2017-01-01","2017-12-31","sorghum"
34.3381930383434,2.17405315181079,"2017-01-01","2017-12-31","maize"
34.338589305513,2.17369448283826,"2017-01-01","2017-12-31","maize"
34.3382530385075,2.17346339040183,"2017-01-01","2017-12-31","maize"
34.3384296258856,2.17383527907357,"2017-01-01","2017-12-31","maize"
34.3381191945092,2.17398273584128,"2017-01-01","2017-12-31","maize"
34.3195026831737,2.41116731950159,"2017-01-01","2017-12-31","sorghum"
34.3192772965306,2.41089979543784,"2017-01-01","2017-12-31","sorghum"
34.3197457082782,2.41141392061038,"2017-01-01","2017-12-31","sorghum"
34.319700099064,2.4118616085918,"2017-01-01","2017-12-31","sorghum"
34.3199191396138,2.41166669723858,"2017-01-01","2017-12-31","sorghum"
34.2889452663756,2.37076424231268,"2017-01-01","2017-12-31","sorghum"
34.2888052578859,2.37047060805891,"2017-01-01","2017-12-31","sorghum"
34.2887828244202,2.37033337356738,"2017-01-01","2017-12-31","sorghum"
34.2887242418251,2.37057676173663,"2017-01-01","2017-12-31","sorghum"
34.2890418705583,2.37023271661562,"2017-01-01","2017-12-31","sorghum"
34.3183957955874,2.49616896998967,"2017-01-01","2017-12-31","sorghum"
34.3184798157789,2.49628647361906,"2017-01-01","2017-12-31","sorghum"
34.318486729855,2.49598089878193,"2017-01-01","2017-12-31","sorghum"
34.318204269292,2.4959034987768,"2017-01-01","2017-12-31","sorghum"
34.318543444823,2.49610421648528,"2017-01-01","2017-12-31","sorghum"
34.3286537741809,2.46564373704709,"2017-01-01","2017-12-31","sorghum"
34.3279961187507,2.46521550401361,"2017-01-01","2017-12-31","sorghum"
34.3279104469075,2.46557883377722,"2017-01-01","2017-12-31","sorghum"
34.3284867324618,2.46551871016681,"2017-01-01","2017-12-31","sorghum"
34.3285713688782,2.46541700854067,"2017-01-01","2017-12-31","sorghum"
34.2326865143672,3.36162784049479,"2017-01-01","2017-12-31","sorghum"
34.2324103001141,3.36138693607502,"2017-01-01","2017-12-31","sorghum"
34.2324731719054,3.36139436485737,"2017-01-01","2017-12-31","sorghum"
34.2326844724859,3.36135188706475,"2017-01-01","2017-12-31","sorghum"
34.2327482971467,3.36164578088063,"2017-01-01","2017-12-31","sorghum"
34.2344393297768,3.33172511457608,"2017-01-01","2017-12-31","sorghum"
34.2344253472405,3.33167666048781,"2017-01-01","2017-12-31","sorghum"
34.2345751338656,3.33176874787132,"2017-01-01","2017-12-31","sorghum"
34.2345184285842,3.33171071597042,"2017-01-01","2017-12-31","sorghum"
34.2345789637557,3.33178426579973,"2017-01-01","2017-12-31","sorghum"
34.2379752981753,3.36689215743472,"2017-01-01","2017-12-31","sorghum"
34.2380002921065,3.36715288789457,"2017-01-01","2017-12-31","sorghum"
34.2379705184222,3.36694995875585,"2017-01-01","2017-12-31","sorghum"
34.237671500458,3.36705933721739,"2017-01-01","2017-12-31","sorghum"
34.2379789364555,3.36716952308274,"2017-01-01","2017-12-31","sorghum"
34.2325218371656,3.37579040203752,"2017-01-01","2017-12-31","sorghum"
34.2325348287647,3.37576551288735,"2017-01-01","2017-12-31","sorghum"
34.2326179852621,3.37577852702419,"2017-01-01","2017-12-31","sorghum"
34.2326043769473,3.37566965884944,"2017-01-01","2017-12-31","sorghum"
34.2325692601562,3.37561537924288,"2017-01-01","2017-12-31","sorghum"
34.2330478762484,3.32649369296412,"2017-01-01","2017-12-31","sorghum"
34.2328988818616,3.32646644329653,"2017-01-01","2017-12-31","sorghum"
34.2329562193148,3.32676063412237,"2017-01-01","2017-12-31","sorghum"
34.2331859075558,3.32669709612432,"2017-01-01","2017-12-31","sorghum"
34.23318410145,3.32662461650945,"2017-01-01","2017-12-31","sorghum"
34.2308672134571,3.35718771739442,"2017-01-01","2017-12-31","sorghum"
34.2307707385119,3.35731159692833,"2017-01-01","2017-12-31","sorghum"
34.2310262252159,3.35706321948537,"2017-01-01","2017-12-31","sorghum"
34.2308602037998,3.35706735654182,"2017-01-01","2017-12-31","sorghum"
34.2308014897895,3.35723434669178,"2017-01-01","2017-12-31","sorghum"
34.23758059954,3.32262777880553,"2017-01-01","2017-12-31","sorghum"
34.2375089219481,3.32258347615621,"2017-01-01","2017-12-31","sorghum"
34.2374680712498,3.32261952017549,"2017-01-01","2017-12-31","sorghum"
34.2374383966849,3.32247734174005,"2017-01-01","2017-12-31","sorghum"
34.2374411263383,3.32232717640151,"2017-01-01","2017-12-31","sorghum"
34.2339968857914,3.34873374919608,"2017-01-01","2017-12-31","sorghum"
34.23410800802,3.34859712495724,"2017-01-01","2017-12-31","sorghum"
34.2342233444754,3.34855672725028,"2017-01-01","2017-12-31","sorghum"
34.2342398929302,3.3484848259369,"2017-01-01","2017-12-31","sorghum"
34.2339850741413,3.34882923478341,"2017-01-01","2017-12-31","sorghum"
34.2372472693364,3.33696273796465,"2017-01-01","2017-12-31","sorghum"
34.2374054556887,3.33682831532557,"2017-01-01","2017-12-31","sorghum"
34.237449417771,3.33691178551913,"2017-01-01","2017-12-31","sorghum"
34.2375645866032,3.33699964641946,"2017-01-01","2017-12-31","sorghum"
34.2375465343271,3.33688390775446,"2017-01-01","2017-12-31","sorghum"
34.2313648576834,3.36304621252025,"2017-01-01","2017-12-31","sorghum"
34.2311453562619,3.36297032195637,"2017-01-01","2017-12-31","sorghum"
34.2311690696982,3.3631088468534,"2017-01-01","2017-12-31","sorghum"
34.2314071071526,3.36323780240073,"2017-01-01","2017-12-31","sorghum"
34.2314213023301,3.36296720753772,"2017-01-01","2017-12-31","sorghum"
34.3118777723815,3.64899729614308,"2017-01-01","2017-12-31","maize"
34.312120712375,3.64908275756332,"2017-01-01","2017-12-31","maize"
34.3119105126034,3.64887535339882,"2017-01-01","2017-12-31","maize"
34.3122426370746,3.64906913076381,"2017-01-01","2017-12-31","maize"
34.3121780194112,3.64904768830996,"2017-01-01","2017-12-31","maize"
34.2767549083644,3.65355930776151,"2017-01-01","2017-12-31","maize"
34.2769771963774,3.65369255171619,"2017-01-01","2017-12-31","maize"
34.2768917994983,3.65388405901454,"2017-01-01","2017-12-31","maize"
34.2767611160268,3.65371320544591,"2017-01-01","2017-12-31","maize"
34.2767410704673,3.65381397706058,"2017-01-01","2017-12-31","maize"
34.3104453369661,3.64680364779229,"2017-01-01","2017-12-31","maize"
34.3103652304941,3.64661889799196,"2017-01-01","2017-12-31","maize"
34.3101917666163,3.64669953779558,"2017-01-01","2017-12-31","maize"
34.3103175401122,3.64676786678508,"2017-01-01","2017-12-31","maize"
34.3104200049026,3.64684302889532,"2017-01-01","2017-12-31","maize"
34.2770698423811,3.65278683802121,"2017-01-01","2017-12-31","maize"
34.2771105751721,3.65297640278958,"2017-01-01","2017-12-31","maize"
34.2770652767127,3.65284260374088,"2017-01-01","2017-12-31","maize"
34.2772239847299,3.65293175059586,"2017-01-01","2017-12-31","maize"
34.2773194672419,3.65299336274408,"2017-01-01","2017-12-31","maize"
34.3113080409914,3.64649622094388,"2017-01-01","2017-12-31","maize"
34.3113016285328,3.64671582331423,"2017-01-01","2017-12-31","maize"
34.311303318693,3.64642900364271,"2017-01-01","2017-12-31","maize"
34.3114563267001,3.64655121719831,"2017-01-01","2017-12-31","maize"
34.3113897432337,3.64640483297832,"2017-01-01","2017-12-31","maize"
34.2761405161863,3.6533123485258,"2017-01-01","2017-12-31","maize"
34.276119228432,3.65323616883737,"2017-01-01","2017-12-31","maize"
34.2762414310868,3.65336064609162,"2017-01-01","2017-12-31","maize"
34.276212998197,3.65343805089222,"2017-01-01","2017-12-31","maize"
34.2760366796781,3.65332179161964,"2017-01-01","2017-12-31","maize"
34.2750106456052,3.6553158420587,"2017-01-01","2017-12-31","maize"
34.2751229683044,3.65522208186778,"2017-01-01","2017-12-31","maize"
34.2751283700544,3.65524416202327,"2017-01-01","2017-12-31","maize"
34.2751348877382,3.65513707768651,"2017-01-01","2017-12-31","maize"
34.2750760828478,3.65517534293799,"2017-01-01","2017-12-31","maize"
34.3110389300768,3.64729038346939,"2017-01-01","2017-12-31","maize"
34.3111544979181,3.64738883443498,"2017-01-01","2017-12-31","maize"
34.3101623367636,3.64768711308077,"2017-01-01","2017-12-31","maize"
34.3101880799757,3.64753086003393,"2017-01-01","2017-12-31","maize"
34.3101886165761,3.64766966027909,"2017-01-01","2017-12-31","maize"
34.4652603810347,1.8856521795054,"2017-01-01","2017-12-31","sorghum"
34.465601500734,1.8854981072338,"2017-01-01","2017-12-31","sorghum"
34.4653410326115,1.88530571315034,"2017-01-01","2017-12-31","sorghum"
34.4655786001259,1.88560407013397,"2017-01-01","2017-12-31","sorghum"
34.4653174236974,1.88539309597388,"2017-01-01","2017-12-31","sorghum"
34.3542790805533,2.1568080062661,"2017-01-01","2017-12-31","maize"
34.3543868878066,2.15654947645111,"2017-01-01","2017-12-31","maize"
34.3542215921378,2.15650365021083,"2017-01-01","2017-12-31","maize"
34.3542076476773,2.15646247867144,"2017-01-01","2017-12-31","maize"
34.3543557036605,2.15657547356607,"2017-01-01","2017-12-31","maize"
34.3460034738667,2.15643499713118,"2017-01-01","2017-12-31","maize"
34.3461620490823,2.15650126037321,"2017-01-01","2017-12-31","maize"
34.3461995000862,2.15660749075616,"2017-01-01","2017-12-31","maize"
34.3462472051129,2.15647811243011,"2017-01-01","2017-12-31","maize"
34.3459617685245,2.15654054638338,"2017-01-01","2017-12-31","maize"
34.3823839012488,2.43251065685048,"2017-01-01","2017-12-31","sorghum"
34.3823763122847,2.43238219985053,"2017-01-01","2017-12-31","sorghum"
34.3820194721586,2.43187472382501,"2017-01-01","2017-12-31","sorghum"
34.382245111058,2.43230005377609,"2017-01-01","2017-12-31","sorghum"
34.3824746828602,2.43236136475109,"2017-01-01","2017-12-31","sorghum"
34.4243269625429,2.54503085385271,"2017-01-01","2017-12-31","maize"
34.424131287771,2.54483391468046,"2017-01-01","2017-12-31","maize"
34.4241314200961,2.54557826213765,"2017-01-01","2017-12-31","maize"
34.4241601833513,2.54541539365105,"2017-01-01","2017-12-31","maize"
34.4240969359199,2.54520388297353,"2017-01-01","2017-12-31","maize"
34.3941605459977,2.46855197288919,"2017-01-01","2017-12-31","sorghum"
34.3942570520624,2.46813883825173,"2017-01-01","2017-12-31","sorghum"
34.3943067619421,2.46825430734707,"2017-01-01","2017-12-31","sorghum"
34.3943500116604,2.46827032225235,"2017-01-01","2017-12-31","sorghum"
34.3941763076012,2.46821057915197,"2017-01-01","2017-12-31","sorghum"
34.3610193103898,2.49649240462867,"2017-01-01","2017-12-31","sorghum"
34.3609706398699,2.4968525951316,"2017-01-01","2017-12-31","sorghum"
34.3606799909012,2.4970114095125,"2017-01-01","2017-12-31","sorghum"
34.3607899555968,2.49628822788598,"2017-01-01","2017-12-31","sorghum"
34.3609050050295,2.49649576060703,"2017-01-01","2017-12-31","sorghum"
34.4602384030129,2.45565159189537,"2017-01-01","2017-12-31","sorghum"
34.4601667219609,2.45554304321338,"2017-01-01","2017-12-31","sorghum"
34.4604230836002,2.45584789693427,"2017-01-01","2017-12-31","sorghum"
34.4600363975991,2.45553916105761,"2017-01-01","2017-12-31","sorghum"
34.4601727495863,2.45554539537777,"2017-01-01","2017-12-31","sorghum"
34.3939351238029,2.5641685759855,"2017-01-01","2017-12-31","maize"
34.3939691579102,2.56410078804702,"2017-01-01","2017-12-31","maize"
34.3939462667028,2.56408163473898,"2017-01-01","2017-12-31","maize"
34.3939206950231,2.56403789946673,"2017-01-01","2017-12-31","maize"
34.3939184881418,2.56422234620308,"2017-01-01","2017-12-31","maize"
34.3722623171012,2.4918174115471,"2017-01-01","2017-12-31","sorghum"
34.3720103191751,2.49187296359228,"2017-01-01","2017-12-31","sorghum"
34.3723821351957,2.49158976839683,"2017-01-01","2017-12-31","sorghum"
34.3719344557537,2.49173830893849,"2017-01-01","2017-12-31","sorghum"
34.3719437740513,2.49176265394629,"2017-01-01","2017-12-31","sorghum"
34.3671090914356,2.4583686773555,"2017-01-01","2017-12-31","sorghum"
34.367503060457,2.4589681378937,"2017-01-01","2017-12-31","sorghum"
34.3678276177758,2.45862368990726,"2017-01-01","2017-12-31","sorghum"
34.3677596314771,2.45901063016559,"2017-01-01","2017-12-31","sorghum"
34.3672821360974,2.45847344953375,"2017-01-01","2017-12-31","sorghum"
34.4126934907608,2.524636693038,"2017-01-01","2017-12-31","maize"
34.4124439409252,2.5249443530665,"2017-01-01","2017-12-31","maize"
34.4126275137492,2.52476657942748,"2017-01-01","2017-12-31","maize"
34.412373009264,2.52512296394424,"2017-01-01","2017-12-31","maize"
34.4126337351843,2.52524717824431,"2017-01-01","2017-12-31","maize"
34.3887064238064,2.5618219791336,"2017-01-01","2017-12-31","maize"
34.388394035253,2.56172052400298,"2017-01-01","2017-12-31","maize"
34.3885759678681,2.56170819290332,"2017-01-01","2017-12-31","maize"
34.3884949532331,2.56158461066557,"2017-01-01","2017-12-31","maize"
34.3885531272241,2.56179433278763,"2017-01-01","2017-12-31","maize"
34.3571325637771,2.5166949050176,"2017-01-01","2017-12-31","sorghum"
34.3574874336688,2.51684085141505,"2017-01-01","2017-12-31","sorghum"
34.3579219048203,2.51673358189463,"2017-01-01","2017-12-31","sorghum"
34.3578254230974,2.51698202535942,"2017-01-01","2017-12-31","sorghum"
34.3571796395213,2.51717569078357,"2017-01-01","2017-12-31","sorghum"
34.3509601451916,2.48491801229102,"2017-01-01","2017-12-31","sorghum"
34.3511160436873,2.48506766273781,"2017-01-01","2017-12-31","sorghum"
34.3510148678093,2.48531952001191,"2017-01-01","2017-12-31","sorghum"
34.3507619398034,2.48534490439236,"2017-01-01","2017-12-31","sorghum"
34.3508881956773,2.485180900253,"2017-01-01","2017-12-31","sorghum"
34.3471063896064,2.5469417731689,"2017-01-01","2017-12-31","sorghum"
34.3474004015757,2.54757453324449,"2017-01-01","2017-12-31","sorghum"
34.3471713576287,2.54686454210798,"2017-01-01","2017-12-31","sorghum"
34.3474204224917,2.54746889361957,"2017-01-01","2017-12-31","sorghum"
34.3473908653035,2.54704920892357,"2017-01-01","2017-12-31","sorghum"
34.3472365856247,2.4731304316188,"2017-01-01","2017-12-31","sorghum"
34.3464903587295,2.47255548239906,"2017-01-01","2017-12-31","sorghum"
34.3468228840863,2.47312782509569,"2017-01-01","2017-12-31","sorghum"
34.3474623210887,2.47302721694623,"2017-01-01","2017-12-31","sorghum"
34.3459705403285,2.47233968287558,"2017-01-01","2017-12-31","sorghum"
34.4103274091425,2.52486211894686,"2017-01-01","2017-12-31","maize"
34.4101832838264,2.52479682941017,"2017-01-01","2017-12-31","maize"
34.4103452216338,2.52494891394647,"2017-01-01","2017-12-31","maize"
34.410060941416,2.52468642401026,"2017-01-01","2017-12-31","maize"
34.4106065435468,2.5249468910243,"2017-01-01","2017-12-31","maize"
34.3856213321131,2.56112357315362,"2017-01-01","2017-12-31","maize"
34.3856988957209,2.56103684921534,"2017-01-01","2017-12-31","maize"
34.3854051555865,2.56107449886747,"2017-01-01","2017-12-31","maize"
34.3854050828689,2.56118428292565,"2017-01-01","2017-12-31","maize"
34.385723343378,2.56085872693634,"2017-01-01","2017-12-31","maize"
34.383829289831,2.49434662624866,"2017-01-01","2017-12-31","sorghum"
34.3841353340086,2.49430577216039,"2017-01-01","2017-12-31","sorghum"
34.3837512241611,2.49430063589157,"2017-01-01","2017-12-31","sorghum"
34.3835894736191,2.49384230474756,"2017-01-01","2017-12-31","sorghum"
34.3840357025098,2.49409054949868,"2017-01-01","2017-12-31","sorghum"
34.3785426738604,2.48133966460833,"2017-01-01","2017-12-31","sorghum"
34.3784821367904,2.48110149253584,"2017-01-01","2017-12-31","sorghum"
34.3784512772504,2.48124118249455,"2017-01-01","2017-12-31","sorghum"
34.3786026767893,2.48132166872969,"2017-01-01","2017-12-31","sorghum"
34.3782073456365,2.48111268837582,"2017-01-01","2017-12-31","sorghum"
34.3912670236455,2.43810504877038,"2017-01-01","2017-12-31","sorghum"
34.391089702352,2.43800756501592,"2017-01-01","2017-12-31","sorghum"
34.3912287634122,2.43829650542465,"2017-01-01","2017-12-31","sorghum"
34.391409269704,2.43788025457052,"2017-01-01","2017-12-31","sorghum"
34.3914896736566,2.43801039101632,"2017-01-01","2017-12-31","sorghum"
34.3700801844843,2.57981520091815,"2017-01-01","2017-12-31","maize"
34.3706271596728,2.57978653733009,"2017-01-01","2017-12-31","maize"
34.3701666094704,2.57966340620403,"2017-01-01","2017-12-31","maize"
34.3701567524267,2.57960368125351,"2017-01-01","2017-12-31","maize"
34.3704295306452,2.57978356427724,"2017-01-01","2017-12-31","maize"
34.5742836059341,1.81381029961962,"2017-01-01","2017-12-31","maize"
34.5739135218177,1.81376309809992,"2017-01-01","2017-12-31","maize"
34.5736858210322,1.81363957799094,"2017-01-01","2017-12-31","maize"
34.5737568645697,1.81361331248163,"2017-01-01","2017-12-31","maize"
34.5738030788918,1.81366206178767,"2017-01-01","2017-12-31","maize"
34.5060925363399,1.83975255816329,"2017-01-01","2017-12-31","sorghum"
34.5060975064194,1.83977758282371,"2017-01-01","2017-12-31","sorghum"
34.5061625441461,1.84009673166024,"2017-01-01","2017-12-31","sorghum"
34.5060616510687,1.83973892021621,"2017-01-01","2017-12-31","sorghum"
34.5060588153697,1.84024797231154,"2017-01-01","2017-12-31","sorghum"
34.5728156011389,1.81366793908277,"2017-01-01","2017-12-31","maize"
34.5728915577581,1.81354619923218,"2017-01-01","2017-12-31","maize"
34.5727791966423,1.81374118803557,"2017-01-01","2017-12-31","maize"
34.5728198136614,1.81375866814261,"2017-01-01","2017-12-31","maize"
34.5724989993637,1.81382449901465,"2017-01-01","2017-12-31","maize"
34.5829087054324,1.8560623644797,"2017-01-01","2017-12-31","sorghum"
34.5830488259785,1.85604216364733,"2017-01-01","2017-12-31","sorghum"
34.5830370425921,1.85589947100589,"2017-01-01","2017-12-31","sorghum"
34.5828586474196,1.8559170821026,"2017-01-01","2017-12-31","sorghum"
34.5828916830731,1.85579029024888,"2017-01-01","2017-12-31","sorghum"
34.5283240355731,1.92892590825023,"2017-01-01","2017-12-31","sorghum"
34.5283885530437,1.92897475691868,"2017-01-01","2017-12-31","sorghum"
34.5280665806771,1.92859812653793,"2017-01-01","2017-12-31","sorghum"
34.5282894547243,1.92859958729285,"2017-01-01","2017-12-31","sorghum"
34.5285483619234,1.92852167423141,"2017-01-01","2017-12-31","sorghum"
34.5305880178938,1.92169364281188,"2017-01-01","2017-12-31","sorghum"
34.5304624190322,1.92151974857701,"2017-01-01","2017-12-31","sorghum"
34.5305308880076,1.92169321964996,"2017-01-01","2017-12-31","sorghum"
34.5304140347694,1.92142547133362,"2017-01-01","2017-12-31","sorghum"
34.5305572169443,1.92161130781957,"2017-01-01","2017-12-31","sorghum"
34.5530885912131,1.87004447836686,"2017-01-01","2017-12-31","sorghum"
34.5530888617057,1.86978639052793,"2017-01-01","2017-12-31","sorghum"
34.5529403781317,1.86989626789381,"2017-01-01","2017-12-31","sorghum"
34.5529299906539,1.86976508440336,"2017-01-01","2017-12-31","sorghum"
34.553155801221,1.87003886388781,"2017-01-01","2017-12-31","sorghum"
34.6029470170355,1.87795796984584,"2017-01-01","2017-12-31","sorghum"
34.6029209228739,1.8783339030682,"2017-01-01","2017-12-31","sorghum"
34.6028504604553,1.87796226104101,"2017-01-01","2017-12-31","sorghum"
34.6028690135305,1.87791243439121,"2017-01-01","2017-12-31","sorghum"
34.6029543277647,1.87799646668452,"2017-01-01","2017-12-31","sorghum"
34.5609680391307,1.9302402085237,"2017-01-01","2017-12-31","sorghum"
34.5610565636328,1.93009567266531,"2017-01-01","2017-12-31","sorghum"
34.5609983741756,1.930058583525,"2017-01-01","2017-12-31","sorghum"
34.5611550049366,1.9299881316311,"2017-01-01","2017-12-31","sorghum"
34.5609875838116,1.93022461513717,"2017-01-01","2017-12-31","sorghum"
34.566183481061,1.86895774688527,"2017-01-01","2017-12-31","sorghum"
34.5663145437066,1.86878683487627,"2017-01-01","2017-12-31","sorghum"
34.5661524979926,1.86887709966655,"2017-01-01","2017-12-31","sorghum"
34.5661919463738,1.86886259926645,"2017-01-01","2017-12-31","sorghum"
34.5662449249944,1.86882321213148,"2017-01-01","2017-12-31","sorghum"
34.4759613334197,1.86805072835313,"2017-01-01","2017-12-31","sorghum"
34.47581181354,1.86801024215982,"2017-01-01","2017-12-31","sorghum"
34.4758997351578,1.8680813010804,"2017-01-01","2017-12-31","sorghum"
34.4758422235337,1.86805749880124,"2017-01-01","2017-12-31","sorghum"
34.4759789792104,1.86799859271755,"2017-01-01","2017-12-31","sorghum"
34.5050982399544,1.87691873167894,"2017-01-01","2017-12-31","sorghum"
34.505156803174,1.87676142581966,"2017-01-01","2017-12-31","sorghum"
34.5052407690418,1.87693028780395,"2017-01-01","2017-12-31","sorghum"
34.5053255123093,1.87694360452004,"2017-01-01","2017-12-31","sorghum"
34.5053181917013,1.87707269300074,"2017-01-01","2017-12-31","sorghum"
34.5647271169911,1.91155246274942,"2017-01-01","2017-12-31","sorghum"
34.5647830475918,1.9114461389479,"2017-01-01","2017-12-31","sorghum"
34.5650924671318,1.91143595703398,"2017-01-01","2017-12-31","sorghum"
34.565068815145,1.91132542061373,"2017-01-01","2017-12-31","sorghum"
34.5648555431908,1.91123962202613,"2017-01-01","2017-12-31","sorghum"
34.55125811542,1.93765246385228,"2017-01-01","2017-12-31","sorghum"
34.5509871948092,1.93732948999317,"2017-01-01","2017-12-31","sorghum"
34.5512872619693,1.93726481322668,"2017-01-01","2017-12-31","sorghum"
34.550920301071,1.93757423661038,"2017-01-01","2017-12-31","sorghum"
34.5511995650418,1.93752366941427,"2017-01-01","2017-12-31","sorghum"
34.56567611363,1.86855066029788,"2017-01-01","2017-12-31","sorghum"
34.5656969060601,1.86860496674321,"2017-01-01","2017-12-31","sorghum"
34.565668403775,1.86855603044661,"2017-01-01","2017-12-31","sorghum"
34.5655107860292,1.86859413693301,"2017-01-01","2017-12-31","sorghum"
34.5655340981247,1.86858149632456,"2017-01-01","2017-12-31","sorghum"
34.4794540113601,1.8769417006651,"2017-01-01","2017-12-31","sorghum"
34.4798589410388,1.87667822532404,"2017-01-01","2017-12-31","sorghum"
34.4795529640228,1.87680355987035,"2017-01-01","2017-12-31","sorghum"
34.4794006725662,1.87697523788401,"2017-01-01","2017-12-31","sorghum"
34.4793102504632,1.876933203749,"2017-01-01","2017-12-31","sorghum"
34.5880265179765,2.05739094110983,"2017-01-01","2017-12-31","sorghum"
34.5880043140449,2.05727009712629,"2017-01-01","2017-12-31","sorghum"
34.5879658328553,2.05720550352463,"2017-01-01","2017-12-31","sorghum"
34.5882662473426,2.05721471943158,"2017-01-01","2017-12-31","sorghum"
34.5879611772043,2.057215810886,"2017-01-01","2017-12-31","sorghum"
34.5587689708623,2.03464977235381,"2017-01-01","2017-12-31","sorghum"
34.5588656077485,2.03483843784593,"2017-01-01","2017-12-31","sorghum"
34.5590389366349,2.03481224700919,"2017-01-01","2017-12-31","sorghum"
34.5590061651667,2.03502150573648,"2017-01-01","2017-12-31","sorghum"
34.5586530071451,2.03486064183488,"2017-01-01","2017-12-31","sorghum"
34.5612317359988,2.03802668636946,"2017-01-01","2017-12-31","sorghum"
34.5610598387691,2.03787549442894,"2017-01-01","2017-12-31","sorghum"
34.5612230084367,2.03791658993786,"2017-01-01","2017-12-31","sorghum"
34.5613031120715,2.03790165684869,"2017-01-01","2017-12-31","sorghum"
34.5609988562109,2.03805776209558,"2017-01-01","2017-12-31","sorghum"
34.5798100959318,2.07180745585099,"2017-01-01","2017-12-31","sorghum"
34.5798922751578,2.07185399657387,"2017-01-01","2017-12-31","sorghum"
34.5796923339716,2.07219104727577,"2017-01-01","2017-12-31","sorghum"
34.5795776110241,2.07233272076071,"2017-01-01","2017-12-31","sorghum"
34.5798333241011,2.07161507606178,"2017-01-01","2017-12-31","sorghum"
34.505858291316,2.39002152360241,"2017-01-01","2017-12-31","sorghum"
34.5057120135399,2.38952285952559,"2017-01-01","2017-12-31","sorghum"
34.5058094125211,2.38973351060641,"2017-01-01","2017-12-31","sorghum"
34.5057545261772,2.38971591872265,"2017-01-01","2017-12-31","sorghum"
34.5056227261038,2.38990107561732,"2017-01-01","2017-12-31","sorghum"
34.5987001660886,2.43548894043948,"2017-01-01","2017-12-31","sorghum"
34.5986833316771,2.43580574556032,"2017-01-01","2017-12-31","sorghum"
34.5989314495895,2.43590570850634,"2017-01-01","2017-12-31","sorghum"
34.5988807604533,2.43538122898009,"2017-01-01","2017-12-31","sorghum"
34.5991611447563,2.43560590333293,"2017-01-01","2017-12-31","sorghum"
34.574723819089,2.57156876708603,"2017-01-01","2017-12-31","sorghum"
34.5744682925876,2.57151346665309,"2017-01-01","2017-12-31","sorghum"
34.5741046794141,2.57184006905996,"2017-01-01","2017-12-31","sorghum"
34.574763693559,2.57177493911528,"2017-01-01","2017-12-31","sorghum"
34.5745503639337,2.5719670780819,"2017-01-01","2017-12-31","sorghum"
34.5992584862232,2.47367288796098,"2017-01-01","2017-12-31","sorghum"
34.5992219082247,2.47363546322812,"2017-01-01","2017-12-31","sorghum"
34.5991524838665,2.47353187021879,"2017-01-01","2017-12-31","sorghum"
34.5990292538328,2.47338650642976,"2017-01-01","2017-12-31","sorghum"
34.5991879583794,2.47357145542957,"2017-01-01","2017-12-31","sorghum"
34.6033434679202,2.50035475191404,"2017-01-01","2017-12-31","sorghum"
34.6030458191014,2.50016851034959,"2017-01-01","2017-12-31","sorghum"
34.6029159591008,2.50009078949019,"2017-01-01","2017-12-31","sorghum"
34.6028100501438,2.5003343993554,"2017-01-01","2017-12-31","sorghum"
34.602641485153,2.5002922679296,"2017-01-01","2017-12-31","sorghum"
34.5966989964196,2.49634960401228,"2017-01-01","2017-12-31","sorghum"
34.5964916521932,2.49660082212784,"2017-01-01","2017-12-31","sorghum"
34.5967684969584,2.49650602818265,"2017-01-01","2017-12-31","sorghum"
34.5965272590224,2.49661296903808,"2017-01-01","2017-12-31","sorghum"
34.5964502322981,2.49648513178582,"2017-01-01","2017-12-31","sorghum"
34.7297739435234,1.440172191503,"2017-01-01","2017-12-31","maize"
34.7296658823852,1.44036154859255,"2017-01-01","2017-12-31","maize"
34.7295177966569,1.44025015483118,"2017-01-01","2017-12-31","maize"
34.7294851760076,1.44006556092396,"2017-01-01","2017-12-31","maize"
34.7295378214623,1.44032934755489,"2017-01-01","2017-12-31","maize"
34.7226984260222,1.44810971557515,"2017-01-01","2017-12-31","maize"
34.7228182885911,1.44803335346645,"2017-01-01","2017-12-31","maize"
34.7228020688523,1.44802905520208,"2017-01-01","2017-12-31","maize"
34.7227134512535,1.44807295671079,"2017-01-01","2017-12-31","maize"
34.7228176081193,1.44815316244208,"2017-01-01","2017-12-31","maize"
34.65075810484,1.75344868788501,"2017-01-01","2017-12-31","maize"
34.6506948248374,1.75357167296719,"2017-01-01","2017-12-31","maize"
34.6507628641054,1.75339085595051,"2017-01-01","2017-12-31","maize"
34.6506159988648,1.75374437422764,"2017-01-01","2017-12-31","maize"
34.6506503307077,1.75329293350755,"2017-01-01","2017-12-31","maize"
34.6456085020328,1.75503245644828,"2017-01-01","2017-12-31","maize"
34.6457560095253,1.75497621937156,"2017-01-01","2017-12-31","maize"
34.645772323369,1.75493535525571,"2017-01-01","2017-12-31","maize"
34.6455590001944,1.75513049540333,"2017-01-01","2017-12-31","maize"
34.6458394209261,1.7550673586269,"2017-01-01","2017-12-31","maize"
34.6094625185082,1.7341335437936,"2017-01-01","2017-12-31","sorghum"
34.6094532753912,1.73430154742808,"2017-01-01","2017-12-31","sorghum"
34.6095478449698,1.7341905666668,"2017-01-01","2017-12-31","sorghum"
34.6093313063189,1.73402537477678,"2017-01-01","2017-12-31","sorghum"
34.6093879101111,1.73429419478122,"2017-01-01","2017-12-31","sorghum"
34.6126504617682,1.73300745083586,"2017-01-01","2017-12-31","sorghum"
34.6127162800427,1.73300794469215,"2017-01-01","2017-12-31","sorghum"
34.6126882094214,1.73284061249895,"2017-01-01","2017-12-31","sorghum"
34.6124706585036,1.73290059007272,"2017-01-01","2017-12-31","sorghum"
34.6124976056971,1.73291860340833,"2017-01-01","2017-12-31","sorghum"
34.6605600433624,1.84781577849742,"2017-01-01","2017-12-31","maize"
34.6604099292952,1.84754287930028,"2017-01-01","2017-12-31","maize"
34.6606691306675,1.84760302600661,"2017-01-01","2017-12-31","maize"
34.6604002578659,1.84751045685451,"2017-01-01","2017-12-31","maize"
34.6604883451661,1.84781221929054,"2017-01-01","2017-12-31","maize"
34.7334362106022,1.89693048075128,"2017-01-01","2017-12-31","maize"
34.7333507690989,1.89711820788952,"2017-01-01","2017-12-31","maize"
34.7332673267804,1.8968071457009,"2017-01-01","2017-12-31","maize"
34.7335344204618,1.89684997664101,"2017-01-01","2017-12-31","maize"
34.7333634798971,1.8967000320169,"2017-01-01","2017-12-31","maize"
34.7265042049155,2.08287727779484,"2017-01-01","2017-12-31","maize"
34.7263472406592,2.08285762146384,"2017-01-01","2017-12-31","maize"
34.7264777337732,2.08282572593021,"2017-01-01","2017-12-31","maize"
34.7263360092528,2.08273970456564,"2017-01-01","2017-12-31","maize"
34.7264119605297,2.08264882808726,"2017-01-01","2017-12-31","maize"
34.6934933185516,2.52331552366991,"2017-01-01","2017-12-31","maize"
34.6937363970594,2.52333592559674,"2017-01-01","2017-12-31","maize"
34.6936628626172,2.52346291197643,"2017-01-01","2017-12-31","maize"
34.6937820715776,2.52329669455363,"2017-01-01","2017-12-31","maize"
34.693691685554,2.52315218912166,"2017-01-01","2017-12-31","maize"
34.6065981362312,2.46125769777303,"2017-01-01","2017-12-31","sorghum"
34.6067624137808,2.46118016433528,"2017-01-01","2017-12-31","sorghum"
34.6065307162675,2.46138239460305,"2017-01-01","2017-12-31","sorghum"
34.6065109439934,2.46139595660577,"2017-01-01","2017-12-31","sorghum"
34.606737185605,2.46107109918479,"2017-01-01","2017-12-31","sorghum"
34.6439769252175,2.56187451224507,"2017-01-01","2017-12-31","sorghum"
34.6437741255728,2.56203199914355,"2017-01-01","2017-12-31","sorghum"
34.6442491631014,2.56206338553357,"2017-01-01","2017-12-31","sorghum"
34.6438732240166,2.56221065575325,"2017-01-01","2017-12-31","sorghum"
34.6437485272783,2.56220570146512,"2017-01-01","2017-12-31","sorghum"
34.6263544540618,2.560073403222,"2017-01-01","2017-12-31","sorghum"
34.6262900256994,2.5600325415312,"2017-01-01","2017-12-31","sorghum"
34.6264721964513,2.55941047945767,"2017-01-01","2017-12-31","sorghum"
34.6261097897892,2.5600325403264,"2017-01-01","2017-12-31","sorghum"
34.6266510168156,2.55981004996629,"2017-01-01","2017-12-31","sorghum"
34.6424585573379,2.49272586831361,"2017-01-01","2017-12-31","sorghum"
34.6428385360351,2.4922921872719,"2017-01-01","2017-12-31","sorghum"
34.6426106369079,2.49261582927555,"2017-01-01","2017-12-31","sorghum"
34.6424357856287,2.49272161345535,"2017-01-01","2017-12-31","sorghum"
34.6427365128354,2.49235141587243,"2017-01-01","2017-12-31","sorghum"
34.6860262858503,2.52237340285475,"2017-01-01","2017-12-31","sorghum"
34.6861161838022,2.52241596400722,"2017-01-01","2017-12-31","sorghum"
34.6858844590669,2.52254480138231,"2017-01-01","2017-12-31","sorghum"
34.6859610632366,2.52239219577765,"2017-01-01","2017-12-31","sorghum"
34.6859192098893,2.5225991598771,"2017-01-01","2017-12-31","sorghum"
34.6412628299139,2.54503473209069,"2017-01-01","2017-12-31","sorghum"
34.6410510033059,2.54498094237726,"2017-01-01","2017-12-31","sorghum"
34.6411753465576,2.54478191493455,"2017-01-01","2017-12-31","sorghum"
34.6410490050774,2.54485899386176,"2017-01-01","2017-12-31","sorghum"
34.641148396044,2.54462055558323,"2017-01-01","2017-12-31","sorghum"
34.6284968308838,2.48354860902596,"2017-01-01","2017-12-31","sorghum"
34.6286277569047,2.4836712371523,"2017-01-01","2017-12-31","sorghum"
34.6285560398787,2.48364651452685,"2017-01-01","2017-12-31","sorghum"
34.6286533319775,2.48377872320904,"2017-01-01","2017-12-31","sorghum"
34.6285841385665,2.48362075879173,"2017-01-01","2017-12-31","sorghum"
34.6939332763193,2.52129776827589,"2017-01-01","2017-12-31","maize"
34.6936759370385,2.52148798883214,"2017-01-01","2017-12-31","maize"
34.6939674871298,2.5212382802429,"2017-01-01","2017-12-31","maize"
34.6938169607866,2.52146478258644,"2017-01-01","2017-12-31","maize"
34.6937450222895,2.52140397839024,"2017-01-01","2017-12-31","maize"
34.6408585339362,2.5719597768172,"2017-01-01","2017-12-31","sorghum"
34.6405646670719,2.57200400467254,"2017-01-01","2017-12-31","sorghum"
34.6408959658396,2.57194066393821,"2017-01-01","2017-12-31","sorghum"
34.640756231662,2.57187477060028,"2017-01-01","2017-12-31","sorghum"
34.6411631304044,2.57210298842022,"2017-01-01","2017-12-31","sorghum"
34.6171532145832,2.47424581173581,"2017-01-01","2017-12-31","sorghum"
34.6170186657575,2.47436189813575,"2017-01-01","2017-12-31","sorghum"
34.6168059839622,2.47424062730902,"2017-01-01","2017-12-31","sorghum"
34.616868183223,2.47426934388494,"2017-01-01","2017-12-31","sorghum"
34.6170804321088,2.474088600763,"2017-01-01","2017-12-31","sorghum"
34.6321522398516,2.55378684456558,"2017-01-01","2017-12-31","sorghum"
34.6322894225635,2.55375185348989,"2017-01-01","2017-12-31","sorghum"
34.6326494511797,2.5535332770673,"2017-01-01","2017-12-31","sorghum"
34.6325193436054,2.55388765141033,"2017-01-01","2017-12-31","sorghum"
34.6323949723667,2.55378443576401,"2017-01-01","2017-12-31","sorghum"
34.6120694341619,2.53973103293259,"2017-01-01","2017-12-31","sorghum"
34.6122244150864,2.53944864172813,"2017-01-01","2017-12-31","sorghum"
34.6121779974393,2.53955297450831,"2017-01-01","2017-12-31","sorghum"
34.6122131050807,2.53954497784887,"2017-01-01","2017-12-31","sorghum"
34.6119423002681,2.53934990722816,"2017-01-01","2017-12-31","sorghum"
34.6265358540948,2.53059638456837,"2017-01-01","2017-12-31","sorghum"
34.6265535864534,2.53044003749397,"2017-01-01","2017-12-31","sorghum"
34.626653682237,2.53032186127254,"2017-01-01","2017-12-31","sorghum"
34.6264948381703,2.53042090290457,"2017-01-01","2017-12-31","sorghum"
34.6264299108355,2.53056111763841,"2017-01-01","2017-12-31","sorghum"
34.6177680228827,2.57580137548464,"2017-01-01","2017-12-31","sorghum"
34.6175081150465,2.57597201999708,"2017-01-01","2017-12-31","sorghum"
34.6178092623977,2.57545024957144,"2017-01-01","2017-12-31","sorghum"
34.6171519603115,2.57583243352117,"2017-01-01","2017-12-31","sorghum"
34.6177398585117,2.57623355244205,"2017-01-01","2017-12-31","sorghum"
34.6495248782336,2.58794261404754,"2017-01-01","2017-12-31","sorghum"
34.6492925142035,2.58806489342945,"2017-01-01","2017-12-31","sorghum"
34.6492740919817,2.58814266475238,"2017-01-01","2017-12-31","sorghum"
34.6496687374311,2.58814610132458,"2017-01-01","2017-12-31","sorghum"
34.6494036381581,2.58792396920201,"2017-01-01","2017-12-31","sorghum"
34.6178093547445,2.58725825446694,"2017-01-01","2017-12-31","sorghum"
34.6179853560201,2.58701745211591,"2017-01-01","2017-12-31","sorghum"
34.6182394988589,2.58730892854021,"2017-01-01","2017-12-31","sorghum"
34.6181663002024,2.58703816155758,"2017-01-01","2017-12-31","sorghum"
34.6177370654364,2.58718573262016,"2017-01-01","2017-12-31","sorghum"
34.7714282523783,1.45084220695518,"2017-01-01","2017-12-31","maize"
34.7713239952946,1.45076021078399,"2017-01-01","2017-12-31","maize"
34.7714283551805,1.45087844306574,"2017-01-01","2017-12-31","maize"
34.7713589264675,1.45075527866222,"2017-01-01","2017-12-31","maize"
34.7713557867894,1.45066771701514,"2017-01-01","2017-12-31","maize"
34.7476025483025,1.42750532916413,"2017-01-01","2017-12-31","maize"
34.7476276639212,1.4272883418252,"2017-01-01","2017-12-31","maize"
34.7476739204581,1.4272791994441,"2017-01-01","2017-12-31","maize"
34.7476871542362,1.42745760597369,"2017-01-01","2017-12-31","maize"
34.7474833286876,1.42724023752566,"2017-01-01","2017-12-31","maize"
34.7416234879381,1.8385495183819,"2017-01-01","2017-12-31","maize"
34.7416517816931,1.83849445481131,"2017-01-01","2017-12-31","maize"
34.7414544409073,1.8384953377311,"2017-01-01","2017-12-31","maize"
34.7416154004185,1.83842015187209,"2017-01-01","2017-12-31","maize"
34.7415031137383,1.83841125743165,"2017-01-01","2017-12-31","maize"
34.7541460475043,1.84854233224891,"2017-01-01","2017-12-31","maize"
34.7543731812793,1.84856145448743,"2017-01-01","2017-12-31","maize"
34.7545273201463,1.84852103150878,"2017-01-01","2017-12-31","maize"
34.7542484544017,1.84865843556542,"2017-01-01","2017-12-31","maize"
34.7544952304287,1.84840383938226,"2017-01-01","2017-12-31","maize"
34.7449685816303,1.83696545122833,"2017-01-01","2017-12-31","maize"
34.7451697632081,1.83687824385588,"2017-01-01","2017-12-31","maize"
34.7449455706081,1.83686641067765,"2017-01-01","2017-12-31","maize"
34.7451592514979,1.83692000015425,"2017-01-01","2017-12-31","maize"
34.7449427810206,1.83687857041581,"2017-01-01","2017-12-31","maize"
34.7539915481915,1.8490564457552,"2017-01-01","2017-12-31","maize"
34.7538301100236,1.84876095990754,"2017-01-01","2017-12-31","maize"
34.7536836722053,1.84918823356404,"2017-01-01","2017-12-31","maize"
34.7538387989547,1.84894197846732,"2017-01-01","2017-12-31","maize"
34.7537335775185,1.84924216057257,"2017-01-01","2017-12-31","maize"
34.8099383105253,1.7611823205519,"2017-01-01","2017-12-31","maize"
34.8101914305931,1.76053616546164,"2017-01-01","2017-12-31","maize"
34.8103373679399,1.76055695915655,"2017-01-01","2017-12-31","maize"
34.8101483587286,1.76061438449382,"2017-01-01","2017-12-31","maize"
34.8103361730506,1.76072884928624,"2017-01-01","2017-12-31","maize"
34.8104745072116,1.76028368337951,"2017-01-01","2017-12-31","maize"
34.8104903586118,1.7603290625875,"2017-01-01","2017-12-31","maize"
34.8104392954624,1.76013021134643,"2017-01-01","2017-12-31","maize"
34.810486787244,1.76008542438849,"2017-01-01","2017-12-31","maize"
34.8104564686417,1.75988949201674,"2017-01-01","2017-12-31","maize"
34.7549256765978,1.88837859479347,"2017-01-01","2017-12-31","maize"
34.7551636808581,1.88823936339275,"2017-01-01","2017-12-31","maize"
34.7549635541456,1.88854688162461,"2017-01-01","2017-12-31","maize"
34.7551064629428,1.8883656102471,"2017-01-01","2017-12-31","maize"
34.7550514528006,1.88803001409664,"2017-01-01","2017-12-31","maize"
34.7555453837848,1.92002610749725,"2017-01-01","2017-12-31","maize"
34.7557165548258,1.92017840811073,"2017-01-01","2017-12-31","maize"
34.7554835592058,1.91979270977417,"2017-01-01","2017-12-31","maize"
34.7555157412712,1.91989500317992,"2017-01-01","2017-12-31","maize"
34.7555568789196,1.91978496242969,"2017-01-01","2017-12-31","maize"
34.7592942759876,1.89104656174942,"2017-01-01","2017-12-31","maize"
34.7590474866701,1.89107225900482,"2017-01-01","2017-12-31","maize"
34.7592827414979,1.89102257040631,"2017-01-01","2017-12-31","maize"
34.7590507813009,1.89110061588949,"2017-01-01","2017-12-31","maize"
34.7592425929211,1.89107560243841,"2017-01-01","2017-12-31","maize"
34.8383250741117,2.08013680799595,"2017-01-01","2017-12-31","maize"
34.8384894407515,2.08018397894667,"2017-01-01","2017-12-31","maize"
34.8383834487005,2.0799990356561,"2017-01-01","2017-12-31","maize"
34.838171726405,2.08014506632307,"2017-01-01","2017-12-31","maize"
34.8384108769549,2.08008576258003,"2017-01-01","2017-12-31","maize"
34.8195572883701,2.11237271590061,"2017-01-01","2017-12-31","maize"
34.8197484591956,2.1124753048641,"2017-01-01","2017-12-31","maize"
34.8195997555323,2.11255475978882,"2017-01-01","2017-12-31","maize"
34.8197799468103,2.11245110595865,"2017-01-01","2017-12-31","maize"
34.8197256640881,2.1125230241615,"2017-01-01","2017-12-31","maize"
34.8281764445895,2.09742358568853,"2017-01-01","2017-12-31","maize"
34.8280839775451,2.09743428651523,"2017-01-01","2017-12-31","maize"
34.8283288906842,2.09746704706059,"2017-01-01","2017-12-31","maize"
34.828190865477,2.09747212106991,"2017-01-01","2017-12-31","maize"
34.8281114272165,2.09746047253412,"2017-01-01","2017-12-31","maize"
34.8177153669042,2.37707195331029,"2017-01-01","2017-12-31","sorghum"
34.8177830945853,2.37711915913327,"2017-01-01","2017-12-31","sorghum"
34.8177834899524,2.37713818482549,"2017-01-01","2017-12-31","sorghum"
34.8177180697897,2.37719084204549,"2017-01-01","2017-12-31","sorghum"
34.8176447562964,2.377044671016,"2017-01-01","2017-12-31","sorghum"
34.8196175571939,2.37963617866147,"2017-01-01","2017-12-31","sorghum"
34.8194975642436,2.37970481190947,"2017-01-01","2017-12-31","sorghum"
34.8193992571435,2.37954054428397,"2017-01-01","2017-12-31","sorghum"
34.8195083612513,2.37958576039606,"2017-01-01","2017-12-31","sorghum"
34.8197209126268,2.37969923398743,"2017-01-01","2017-12-31","sorghum"
34.8176044221952,2.4155540796658,"2017-01-01","2017-12-31","sorghum"
34.8176218236666,2.41567011899141,"2017-01-01","2017-12-31","sorghum"
34.8177308241647,2.41528785694294,"2017-01-01","2017-12-31","sorghum"
34.8176913742105,2.41579239886572,"2017-01-01","2017-12-31","sorghum"
34.8177078578922,2.41577616861867,"2017-01-01","2017-12-31","sorghum"
34.8119471790848,2.42181867517133,"2017-01-01","2017-12-31","maize"
34.8115639437691,2.42136550739767,"2017-01-01","2017-12-31","maize"
34.8118687024319,2.42139914153535,"2017-01-01","2017-12-31","maize"
34.8116090039649,2.42121236179434,"2017-01-01","2017-12-31","maize"
34.8119031509379,2.42203067785921,"2017-01-01","2017-12-31","maize"
34.8052943509598,2.46233736188677,"2017-01-01","2017-12-31","sorghum"
34.8054661357144,2.46233664505715,"2017-01-01","2017-12-31","sorghum"
34.805303710257,2.46241519575976,"2017-01-01","2017-12-31","sorghum"
34.8053175038162,2.46251576998805,"2017-01-01","2017-12-31","sorghum"
34.8052253835578,2.46247213117258,"2017-01-01","2017-12-31","sorghum"
34.8091193768565,2.46114655260073,"2017-01-01","2017-12-31","maize"
34.8090142396495,2.46100076113032,"2017-01-01","2017-12-31","maize"
34.8092056940509,2.46105337640102,"2017-01-01","2017-12-31","maize"
34.8089276019265,2.46099684500052,"2017-01-01","2017-12-31","maize"
34.8089603348594,2.4611258564686,"2017-01-01","2017-12-31","maize"
34.9430989132009,1.66139998238335,"2017-01-01","2017-12-31","maize"
34.9432080880009,1.66136402090022,"2017-01-01","2017-12-31","maize"
34.9432649682972,1.66124591901701,"2017-01-01","2017-12-31","maize"
34.943356753544,1.66119757999151,"2017-01-01","2017-12-31","maize"
34.943206057105,1.661280104394,"2017-01-01","2017-12-31","maize"
34.930708326482,1.64384366663629,"2017-01-01","2017-12-31","maize"
34.9306120705428,1.64400292768722,"2017-01-01","2017-12-31","maize"
34.9307162750675,1.64372644973889,"2017-01-01","2017-12-31","maize"
34.930680335,1.64400033008697,"2017-01-01","2017-12-31","maize"
34.9307947412059,1.64365952762503,"2017-01-01","2017-12-31","maize"
34.9999918341495,1.85530991927473,"2017-01-01","2017-12-31","maize"
34.9998805529911,1.85528139527854,"2017-01-01","2017-12-31","maize"
34.9997639629916,1.85529569796355,"2017-01-01","2017-12-31","maize"
34.9995745309152,1.85537328820944,"2017-01-01","2017-12-31","maize"
34.9999975912592,1.85534675599858,"2017-01-01","2017-12-31","maize"
34.9682482642939,1.90289636204757,"2017-01-01","2017-12-31","maize"
34.9680689136128,1.9027367822985,"2017-01-01","2017-12-31","maize"
34.9681885240157,1.90291087993874,"2017-01-01","2017-12-31","maize"
34.9681081874776,1.90279448513285,"2017-01-01","2017-12-31","maize"
34.968124671723,1.90293379505935,"2017-01-01","2017-12-31","maize"
34.9967145204907,1.87544571293441,"2017-01-01","2017-12-31","maize"
34.9968072583791,1.87529777335978,"2017-01-01","2017-12-31","maize"
34.9967448764846,1.87546909131709,"2017-01-01","2017-12-31","maize"
34.996982484737,1.87517694892421,"2017-01-01","2017-12-31","maize"
34.9968187215628,1.87506062695946,"2017-01-01","2017-12-31","maize"
34.9706271294763,1.91245203076983,"2017-01-01","2017-12-31","maize"
34.9707029116626,1.91247460164036,"2017-01-01","2017-12-31","maize"
34.9707821000409,1.91260432363872,"2017-01-01","2017-12-31","maize"
34.9707613572576,1.91266217065764,"2017-01-01","2017-12-31","maize"
34.9705951219367,1.91264743635862,"2017-01-01","2017-12-31","maize"
34.9396997180875,1.95978925152832,"2017-01-01","2017-12-31","maize"
34.9397002037656,1.96004041161812,"2017-01-01","2017-12-31","maize"
34.9397420098994,1.95999335380396,"2017-01-01","2017-12-31","maize"
34.9396425817432,1.95999708538841,"2017-01-01","2017-12-31","maize"
34.9395910971034,1.95999456932517,"2017-01-01","2017-12-31","maize"
34.9735828665368,1.93840908719252,"2017-01-01","2017-12-31","maize"
34.9734237462912,1.9385278147875,"2017-01-01","2017-12-31","maize"
34.9735701112338,1.93839897362155,"2017-01-01","2017-12-31","maize"
34.9736054551564,1.93843204755593,"2017-01-01","2017-12-31","maize"
34.9735215485166,1.93868379413926,"2017-01-01","2017-12-31","maize"
34.9156304295362,1.89409923388206,"2017-01-01","2017-12-31","maize"
34.9153937756249,1.89424797323832,"2017-01-01","2017-12-31","maize"
34.9155532008322,1.89405505516504,"2017-01-01","2017-12-31","maize"
34.9155715520798,1.89429453698503,"2017-01-01","2017-12-31","maize"
34.915515523842,1.89397192873678,"2017-01-01","2017-12-31","maize"
34.8759330612826,2.20316022075398,"2017-01-01","2017-12-31","maize"
34.8756675852617,2.20299244071328,"2017-01-01","2017-12-31","maize"
34.8757208236498,2.20289659396387,"2017-01-01","2017-12-31","maize"
34.875611850128,2.20294541106154,"2017-01-01","2017-12-31","maize"
34.8758253598274,2.20293719113043,"2017-01-01","2017-12-31","maize"
